{
  "analysis_metadata": {
    "timestamp": "2025-09-10T18:22:00.169773",
    "total_tests": 3798,
    "models_evaluated": 18,
    "analysis_version": "2.0"
  },
  "model_comparison": {
    "gpt-5": {
      "total_tests": 211,
      "successful_tests": 205,
      "success_rate": 0.9715639810426541,
      "avg_score": 0.4060975609756098,
      "median_score": 0.4,
      "score_std_dev": 0.2709811335663868,
      "min_score": 0.0,
      "max_score": 1.0,
      "avg_response_time": 15.17336091181127,
      "median_response_time": 15.631512641906738,
      "response_time_std_dev": 4.841302893144526,
      "total_cost": 1.665594,
      "avg_cost_per_test": 0.008124848780487805,
      "total_input_tokens": 57808,
      "total_output_tokens": 99478,
      "avg_input_tokens_per_test": 273.97156398104266,
      "avg_output_tokens_per_test": 471.45971563981044,
      "perfect_scores": 0,
      "excellent_responses": 0,
      "good_responses": 0,
      "fair_responses": 0,
      "poor_responses": 205,
      "error_rate": 0.02843601895734597,
      "consistency_score": 0.7290188664336132
    },
    "claude-opus-4": {
      "total_tests": 211,
      "successful_tests": 211,
      "success_rate": 1.0,
      "avg_score": 0.7273696682464454,
      "median_score": 0.7,
      "score_std_dev": 0.17906506752836254,
      "min_score": 0.1,
      "max_score": 1.0,
      "avg_response_time": 20.687959280059236,
      "median_response_time": 20.431836128234863,
      "response_time_std_dev": 5.451783535842739,
      "total_cost": 22.129875,
      "avg_cost_per_test": 0.10488092417061612,
      "total_input_tokens": 69810,
      "total_output_tokens": 281103,
      "avg_input_tokens_per_test": 330.8530805687204,
      "avg_output_tokens_per_test": 1332.2417061611375,
      "perfect_scores": 0,
      "excellent_responses": 0,
      "good_responses": 0,
      "fair_responses": 0,
      "poor_responses": 211,
      "error_rate": 0.0,
      "consistency_score": 0.8209349324716375
    },
    "gemini-2.5-flash": {
      "total_tests": 211,
      "successful_tests": 20,
      "success_rate": 0.0947867298578199,
      "avg_score": 0.5804166666666667,
      "median_score": 0.6,
      "score_std_dev": 0.2402678056274969,
      "min_score": 0.2,
      "max_score": 1.0,
      "avg_response_time": 11.69471696615219,
      "median_response_time": 11.872737526893616,
      "response_time_std_dev": 2.367597322104947,
      "total_cost": 0.0027903,
      "avg_cost_per_test": 0.000139515,
      "total_input_tokens": 2396,
      "total_output_tokens": 8702,
      "avg_input_tokens_per_test": 11.355450236966824,
      "avg_output_tokens_per_test": 41.241706161137444,
      "perfect_scores": 0,
      "excellent_responses": 0,
      "good_responses": 0,
      "fair_responses": 0,
      "poor_responses": 20,
      "error_rate": 0.9052132701421801,
      "consistency_score": 0.7597321943725031
    },
    "grok-4": {
      "total_tests": 211,
      "successful_tests": 211,
      "success_rate": 1.0,
      "avg_score": 0.4218009478672986,
      "median_score": 0.4,
      "score_std_dev": 0.2933770176330923,
      "min_score": 0.0,
      "max_score": 1.0,
      "avg_response_time": 20.25776903437212,
      "median_response_time": 18.594566106796265,
      "response_time_std_dev": 6.805004303298357,
      "total_cost": 1.672194,
      "avg_cost_per_test": 0.007925090047393364,
      "total_input_tokens": 198033,
      "total_output_tokens": 71873,
      "avg_input_tokens_per_test": 938.5450236966825,
      "avg_output_tokens_per_test": 340.6303317535545,
      "perfect_scores": 0,
      "excellent_responses": 0,
      "good_responses": 0,
      "fair_responses": 0,
      "poor_responses": 211,
      "error_rate": 0.0,
      "consistency_score": 0.7066229823669077
    },
    "grok-3": {
      "total_tests": 422,
      "successful_tests": 422,
      "success_rate": 1.0,
      "avg_score": 0.6567535545023697,
      "median_score": 0.65,
      "score_std_dev": 0.2129307977513844,
      "min_score": 0.0,
      "max_score": 1.0,
      "avg_response_time": 22.64158842857415,
      "median_response_time": 18.935418128967285,
      "response_time_std_dev": 17.640215285658744,
      "total_cost": 5.100453,
      "avg_cost_per_test": 0.012086381516587679,
      "total_input_tokens": 111216,
      "total_output_tokens": 317787,
      "avg_input_tokens_per_test": 263.54502369668245,
      "avg_output_tokens_per_test": 753.0497630331754,
      "perfect_scores": 0,
      "excellent_responses": 0,
      "good_responses": 0,
      "fair_responses": 0,
      "poor_responses": 422,
      "error_rate": 0.0,
      "consistency_score": 0.7870692022486157
    },
    "deepseek-reasoner": {
      "total_tests": 211,
      "successful_tests": 211,
      "success_rate": 1.0,
      "avg_score": 0.2947077409162717,
      "median_score": 0.2,
      "score_std_dev": 0.27864877363019736,
      "min_score": 0.0,
      "max_score": 1.0,
      "avg_response_time": 25.71643038722576,
      "median_response_time": 30.915261030197144,
      "response_time_std_dev": 9.169298854895679,
      "total_cost": 0.28907415999999997,
      "avg_cost_per_test": 0.0013700197156398103,
      "total_input_tokens": 58765,
      "total_output_tokens": 117239,
      "avg_input_tokens_per_test": 278.50710900473933,
      "avg_output_tokens_per_test": 555.6350710900474,
      "perfect_scores": 0,
      "excellent_responses": 0,
      "good_responses": 0,
      "fair_responses": 0,
      "poor_responses": 211,
      "error_rate": 0.0,
      "consistency_score": 0.7213512263698026
    },
    "deepseek-chat": {
      "total_tests": 422,
      "successful_tests": 422,
      "success_rate": 1.0,
      "avg_score": 0.4703593996840442,
      "median_score": 0.4,
      "score_std_dev": 0.2405860279031816,
      "min_score": 0.0,
      "max_score": 1.0,
      "avg_response_time": 8.622727674895554,
      "median_response_time": 7.775850892066956,
      "response_time_std_dev": 3.773921802643376,
      "total_cost": 0.03106516,
      "avg_cost_per_test": 7.361412322274882e-05,
      "total_input_tokens": 117530,
      "total_output_tokens": 52182,
      "avg_input_tokens_per_test": 278.50710900473933,
      "avg_output_tokens_per_test": 123.65402843601896,
      "perfect_scores": 0,
      "excellent_responses": 0,
      "good_responses": 0,
      "fair_responses": 0,
      "poor_responses": 422,
      "error_rate": 0.0,
      "consistency_score": 0.7594139720968184
    },
    "gpt-4o": {
      "total_tests": 211,
      "successful_tests": 211,
      "success_rate": 1.0,
      "avg_score": 0.663783570300158,
      "median_score": 0.65,
      "score_std_dev": 0.22684264882658894,
      "min_score": 0.0,
      "max_score": 1.0,
      "avg_response_time": 10.877413060427841,
      "median_response_time": 10.122085094451904,
      "response_time_std_dev": 4.495332200863692,
      "total_cost": 1.48658,
      "avg_cost_per_test": 0.007045402843601896,
      "total_input_tokens": 55968,
      "total_output_tokens": 134666,
      "avg_input_tokens_per_test": 265.25118483412325,
      "avg_output_tokens_per_test": 638.2274881516588,
      "perfect_scores": 0,
      "excellent_responses": 0,
      "good_responses": 0,
      "fair_responses": 0,
      "poor_responses": 211,
      "error_rate": 0.0,
      "consistency_score": 0.7731573511734111
    },
    "claude-sonnet-4": {
      "total_tests": 211,
      "successful_tests": 211,
      "success_rate": 1.0,
      "avg_score": 0.7136848341232227,
      "median_score": 0.7,
      "score_std_dev": 0.18749227020853032,
      "min_score": 0.25,
      "max_score": 1.0,
      "avg_response_time": 20.784221029959582,
      "median_response_time": 21.1545672416687,
      "response_time_std_dev": 5.307135279232537,
      "total_cost": 4.458165,
      "avg_cost_per_test": 0.021128744075829382,
      "total_input_tokens": 69810,
      "total_output_tokens": 283249,
      "avg_input_tokens_per_test": 330.8530805687204,